{
  "taunt_1"      : "bernd_anger.bik",
  "taunt_2"      : "bernd_anger.bik",
  "taunt_3"      : "bernd_anger.bik",
  "taunt_4"      : "bernd_anger.bik",
  "anger_1"      : "bernd_nervous.bik",
  "anger_2"      : "bernd_nervous.bik",
  "plead"        : "bernd_nervous.bik",
  "nervous_1"    : "bernd_nervous.bik",
  "nervous_2"    : "bernd_nervous.bik",
  "victory_1"    : "bernd_taunt.bik",
  "victory_2"    : "bernd_taunt.bik",
  "victory_3"    : "bernd_natural.bik",
  "victory_4"    : "bernd_natural.bik",
  "request"      : "bernd_natural.bik",
  "thanks"       : "bernd_natural.bik",
  "ally_death"   : "bernd_nervous.bik",
  "congrats"     : "bernd_natural.bik",
  "boast"        : "bernd_taunt.bik",
  "help"         : "bernd_nervous.bik",
  "extra"        : "bernd_anger.bik",
  "siege"        : "bernd_taunt.bik",
  "no_attack_1"  : "bernd_taunt.bik",
  "no_attack_2"  : "bernd_taunt.bik",
  "no_help_1"    : "bernd_taunt.bik",
  "no_help_2"    : "bernd_taunt.bik",
  "no_sent"      : "bernd_natural.bik",
  "sent"         : "bernd_natural.bik",
  "team_losing"  : "bernd_anger.bik",
  "team_winning" : "bernd_natural.bik",
  "help_sent"    : "bernd_natural.bik",
  "will_attack"  : "bernd_taunt.bik"
}