{
  "message_from" : "General_Message34.wav",
  "taunt_1"      : "bernd_taunt_01.wav",
  "taunt_2"      : "bernd_taunt_02.wav",
  "taunt_3"      : "bernd_taunt_03.wav",
  "taunt_4"      : "bernd_taunt_04.wav",
  "anger_1"      : "bernd_anger_01.wav",
  "anger_2"      : "bernd_anger_02.wav",
  "plead"        : "bernd_plead_01.wav",
  "nervous_1"    : "bernd_nervous_01.wav",
  "nervous_2"    : "bernd_nervous_02.wav",
  "victory_1"    : "bernd_vict_01.wav",
  "victory_2"    : "bernd_vict_02.wav",
  "victory_3"    : "bernd_vict_03.wav",
  "victory_4"    : "bernd_vict_04.wav",
  "request"      : "bernd_req_01.wav",
  "thanks"       : "bernd_thanks_01.wav",
  "ally_death"   : "bernd_ally_death_01.wav",
  "congrats"     : "bernd_congrats_01.wav",
  "boast"        : "bernd_boast_01.wav",
  "help"         : "bernd_help_01.wav",
  "extra"        : "bernd_extra_03.wav",
  "kick_player"  : "bernd_kick_player_01.wav",
  "add_player"   : "bernd_add_player_01.wav",
  "siege"        : "bernd_taunt_01.wav",
  "no_attack_1"  : "bernd_noattack_01.wav",
  "no_attack_2"  : "bernd_noattack_02.wav",
  "no_help_1"    : "bernd_nohelp_01.wav",
  "no_help_2"    : "bernd_nohelp_02.wav",
  "no_sent"      : "bernd_notsent_01.wav",
  "sent"         : "bernd_helpsent_01.wav",
  "team_losing"  : "bernd_team_losing_01.wav",
  "team_winning" : "bernd_team_winning_01.wav",
  "help_sent"    : "bernd_helpsent_01.wav",
  "will_attack"  : "bernd_willattack_01.wav"
}