{
  "lord": {
    "StrengthMultiplier": 1,
    "DotCount": 0,
    "DotColour": "Yellow",
    "Type": "Europ"
  },
  "startTroops": {
    "normal": {
      "ArabSwordsman": 6,
      "ArabArcher": 6
    },
    "crusader": {
      "ArabSwordsman": 12,
      "ArabArcher": 12
    },
    "deathmatch": {
      "ArabSwordsman": 6,
      "ArabArcher": 6
    }
  },
  "aic": {
			"Unknown000": 13,
			"Unknown001": 0,
			"Unknown002": 0,
			"Unknown003": 0,
			"Unknown004": 1,
			"Unknown005": 1,
			"CriticalPopularity": 6500,
			"LowestPopularity": 8000,
			"HighestPopularity": 9900,
			"TaxesMin": 2,
			"TaxesMax": 7,
			"Unknown011": 12,
			"Farm1": "WheatFarm",
			"Farm2": "WheatFarm",
			"Farm3": "None",
			"Farm4": "None",
			"Farm5": "None",
			"Farm6": "None",
			"Farm7": "None",
			"Farm8": "None",
			"PopulationPerFarm": 8,
			"PopulationPerWoodcutter": 4,
			"PopulationPerQuarry": 16,
			"PopulationPerIronmine": 0,
			"PopulationPerPitchrig": 0,
			"MaxQuarries": 2,
			"MaxIronmines": 0,
			"MaxWoodcutters": 4,
			"MaxPitchrigs": 0,
			"MaxFarms": 5,
			"BuildInterval": 6,
			"ResourceRebuildDelay": 10,
			"MaxFood": 200,
			"MinimumApples": 0,
			"MinimumCheese": 0,
			"MinimumBread": 0,
			"MinimumWheat": 3,
			"MinimumHop": 0,
			"TradeAmountFood": 3,
			"TradeAmountEquipment": 3,
			"Unknown040": 22,
			"MinimumGoodsRequiredAfterTrade": 30,
			"DoubleRationsFoodThreshold": 10,
			"MaxWood": 80,
			"MaxStone": 60,
			"MaxResourceOther": 40,
			"MaxEquipment": 2,
			"MaxBeer": 0,
			"MaxResourceVariance": 4,
			"RecruitGoldThreshold": 200,
			"BlacksmithSetting": "Swords",
			"FletcherSetting": "Crossbows",
			"PoleturnerSetting": "Pikes",
			"SellResource01": "Pitch",
			"SellResource02": "Iron",
			"SellResource03": "Hop",
			"SellResource04": "None",
			"SellResource05": "None",
			"SellResource06": "Cheese",
			"SellResource07": "Beer",
			"SellResource08": "IronArmors",
			"SellResource09": "LeatherArmors",
			"SellResource10": "Spears",
			"SellResource11": "Pikes",
			"SellResource12": "Maces",
			"SellResource13": "Bows",
			"SellResource14": "Swords",
			"SellResource15": "Crossbows",
			"DefWallPatrolRallyTime": 8,
			"DefWallPatrolGroups": 1,
			"DefSiegeEngineGoldThreshold": 10,
			"DefSiegeEngineBuildDelay": 1,
			"Unknown072": 100,
			"Unknown073": 20,
			"RecruitProbDefDefault": 50,
			"RecruitProbDefWeak": 90,
			"RecruitProbDefStrong": 35,
			"RecruitProbRaidDefault": 5,
			"RecruitProbRaidWeak": 0,
			"RecruitProbRaidStrong": 5,
			"RecruitProbAttackDefault": 45,
			"RecruitProbAttackWeak": 0,
			"RecruitProbAttackStrong": 60,
			"SortieUnitRangedMin": 6,
			"SortieUnitRanged": "ArabArcher",
			"SortieUnitMeleeMin": 6,
			"SortieUnitMelee": "ArabSwordsman",
			"DefDiggingUnitMax": 0,
			"DefDiggingUnit": "Slave",
			"RecruitInterval": 5,
			"RecruitIntervalWeak": 1,
			"RecruitIntervalStrong": 3,
			"DefTotal": 160,
			"OuterPatrolGroupsCount": 0,
			"OuterPatrolGroupsMove": "False",
			"OuterPatrolRallyDelay": 10,
			"DefWalls": 160,
			"DefUnit1": "ArabArcher",
			"DefUnit2": "ArabArcher",
			"DefUnit3": "ArabSwordsman",
			"DefUnit4": "ArabArcher",
			"DefUnit5": "ArabArcher",
			"DefUnit6": "None",
			"DefUnit7": "None",
			"DefUnit8": "None",
			"RaidUnitsBase": 2,
			"RaidUnitsRandom": 0,
			"RaidUnit1": "ArabSwordsman",
			"RaidUnit2": "None",
			"RaidUnit3": "None",
			"RaidUnit4": "None",
			"RaidUnit5": "None",
			"RaidUnit6": "None",
			"RaidUnit7": "None",
			"RaidUnit8": "None",
			"HarassingSiegeEngine1": "None",
			"HarassingSiegeEngine2": "None",
			"HarassingSiegeEngine3": "None",
			"HarassingSiegeEngine4": "None",
			"HarassingSiegeEngine5": "None",
			"HarassingSiegeEngine6": "None",
			"HarassingSiegeEngine7": "None",
			"HarassingSiegeEngine8": "None",
			"HarassingSiegeEnginesMax": 0,
			"Unknown124": 0,
			"AttForceBase": 120,
			"AttForceRandom": 0,
			"AttForceSupportAllyThreshold": 100,
			"AttForceRallyPercentage": 20,
			"Unknown129": 100,
			"Unknown130": 0,
			"AttUnitPatrolRecommandDelay": 0,
			"Unknown132": 0,
			"SiegeEngine1": "None",
			"SiegeEngine2": "None",
			"SiegeEngine3": "None",
			"SiegeEngine4": "None",
			"SiegeEngine5": "None",
			"SiegeEngine6": "None",
			"SiegeEngine7": "None",
			"SiegeEngine8": "None",
			"CowThrowInterval": 0,
			"Unknown142": 0,
			"AttMaxEngineers": 0,
			"AttDiggingUnit": "Slave",
			"AttDiggingUnitMax": 20,
			"AttUnit2": "None",
			"AttUnit2Max": 0,
			"AttMaxAssassins": 0,
			"AttMaxLaddermen": 0,
			"AttMaxTunnelers": 0,
			"AttUnitPatrol": "None",
			"AttUnitPatrolMax": 0,
			"AttUnitPatrolGroupsCount": 0,
			"AttUnitBackup": "ArabSwordsman",
			"AttUnitBackupMax": 0,
			"AttUnitBackupGroupsCount": 0,
			"AttUnitEngage": "None",
			"AttUnitEngageMax": 0,
			"AttUnitSiegeDef": "None",
			"AttUnitSiegeDefMax": 0,
			"AttUnitSiegeDefGroupsCount": 0,
			"AttUnitMain1": "ArabSwordsman",
			"AttUnitMain2": "None",
			"AttUnitMain3": "None",
			"AttUnitMain4": "None",
			"AttMaxDefault": 600,
			"AttMainGroupsCount": 1,
			"TargetChoice": "Player"
  }
}