{
  "ai_name"      : "Bernd",

  "title_1"      : "das Brot",
  "title_2"      : "das Brötchen",
  "title_3"      : "die Laugenstange",
  "title_4"      : "das Zwieback",
  "title_5"      : "die Brezel",
  "title_6"      : "das Hörnchen",
  "title_7"      : "das Baguette",
  "title_8"      : "das Toastbrot",

  "description"  : "Na toll...jetzt muss sich der arme Bernd mit ein Paar Verückten herumschlagen, die nichts besseres zu tun haben als vorm Bildschirm unrealistische Massenschlachten zu simulieren. Er möchte einfach seine Ruhe haben und Wände beim Einstauben zusehen. Aber das ist ihm wohl nicht vergönnt.",

  "unknown_1"    : "unknown_1",
  "taunt_1"      : "Ja, Schicksal, damit hast du nicht gerecht! Bernd das Brot reagiert bevor du schicksalen kannst!",
  "taunt_2"      : "Ich hab' kein Bock mehr. Versucht mich aufzuhalten ihr Knallköpfe!",
  "taunt_3"      : "S c h a l t e t   a b ! ... J e t z t !",
  "taunt_4"      : "Diesmal nicht! Diesmal tu ich was, bevor die Katastrophe passiert! Diesmal bin ich schneller!",
  "anger_1"      : "Nein! Ich fasse es nicht!",
  "anger_2"      : "Und dabei ist die Nummer mittlerweile schon so alt!",
  "plead"        : "M i s t !",
  "nervous_1"    : "Und ihr ... ihr schaut euch den Blödsinn auch noch an.",
  "nervous_2"    : "Also gut ... bringen wir es hinter uns.",
  "victory_1"    : "Naja, wenigsten ist mir nix passiert.",
  "victory_2"    : "Hehe ... Reingelegt!",
  "victory_3"    : "Gewonnen ... Mist!",
  "victory_4"    : "Bis da-haaan!",
  "request"      : "Ich werde dich jetzt zum ersten Mal fragen, was ich dich bis jetzt noch nie gefragt habe.",
  "thanks"       : "Danke.",
  "ally_death"   : "Was solls ... wenn mich jemand sucht, ich leg mich jetzt hierhin -so- und warte bis der Blödsinn vorbei ist.",
  "congrats"     : "Es ist ja so eine Freude mich euch zu spielen.",
  "boast"        : "Nicht schlecht, was?",
  "help"         : "*episches Lied darüber, dass er Hilfe braucht*",
  "extra"        : "Warum seid ihr überhaupt noch wach? Es ist schon mindestens ... hey! Wie viel Uhr ist es eigentlich?",
  "kick_player"  : "unused",
  "add_player"   : "unused",
  "siege"        : "Ja, Schicksal, damit hast du nicht gerecht! Bernd das Brot reagiert bevor du schicksalen kannst!",
  "no_attack_1"  : "Das war schon beim ersten Mal Quatsch.",
  "no_attack_2"  : "Euch fällt wohl auch nichts neues mehr ein, was?",
  "no_help_1"    : "Ihr habt sie echt nicht mehr alle.",
  "no_help_2"    : "Ähm ... Nein! Ich hab' zu kurze Arme. Und das erste Mal bin ich froh darüber.",
  "no_sent"      : "Vergesst es!",
  "sent"         : "Alles klar.",
  "team_losing"  : "Ich hab da schon so eine Ahnung und ein ganz mieses Gefühl",
  "team_winning" : "Das ist Erholung.",
  "help_sent"    : "Alles klar.",
  "will_attack"  : "Also gut."
}